{"Version":2,"SourceFileDate":133929113815800808,"Flags":["FL_BITMAP_COMPRESSION","FL_BITMAP_MIPMAP","FL_BITMAP_QUALITY_HIGH","FL_BITMAP_PRECOMPUTED_INV_AVG"],"InvAvgColor":[1.0529664754867554,1.7438024282455444,34.266281127929688],"HasTransp":true}