{"Version":2,"SourceFileDate":133275512741186620,"Flags":["FL_BITMAP_COMPRESSION","FL_BITMAP_MIPMAP","FL_BITMAP_QUALITY_HIGH","FL_BITMAP_PRECOMPUTED_INV_AVG"],"InvAvgColor":[1.1000289916992188,1.82170569896698,35.768817901611328],"HasTransp":true}